{
    "timestamp": "2025-05-19T00:27:45.354",
    "system_info": {
        "available_processors": 12,
        "max_memory_mb": 16310.6484375,
        "total_memory_mb": 16310.6484375,
        "os_name": "Windows",
        "os_version": "10.0.19045",
        "os_arch": "AMD64",
        "python_version": "3.10.13"
    },
    "training": {
        "training_time_ms": 21384.71007347107,
        "training_time_seconds": 21.38471007347107,
        "peak_memory_mb": 1891.38671875,
        "accuracy": 0.9793000221252441,
        "memory_profile": {
            "sample_count": 202,
            "sample_interval_ms": 100,
            "peak_heap_mb": 1891.38671875,
            "peak_virtual_mb": 1862.4375,
            "peak_total_mb": 1891.38671875
        },
        "evaluation": {
            "accuracy": 0.9793000221252441,
            "precision": 0.9793000221252441,
            "recall": 0.9793000221252441,
            "f1": 0.9793000221252441
        }
    },
    "inference_runs": [
        {
            "run": 1,
            "prediction": 2,
            "execution_time_ms": 51.187992095947266,
            "cpu_time_ms": 62.5,
            "memory_used_mb": 0.2109375,
            "peak_memory_mb": 398.5078125,
            "memory_profile": {
                "sample_count": 4,
                "sample_interval_ms": 10,
                "peak_heap_mb": 398.5078125,
                "peak_virtual_mb": 366.3828125,
                "peak_total_mb": 398.5078125,
                "duration_ms": 51.78713798522949
            }
        },
        {
            "run": 2,
            "prediction": 2,
            "execution_time_ms": 49.774885177612305,
            "cpu_time_ms": 46.875,
            "memory_used_mb": 0.03125,
            "peak_memory_mb": 398.671875,
            "memory_profile": {
                "sample_count": 4,
                "sample_interval_ms": 10,
                "peak_heap_mb": 398.671875,
                "peak_virtual_mb": 366.54296875,
                "peak_total_mb": 398.671875,
                "duration_ms": 49.774885177612305
            }
        },
        {
            "run": 3,
            "prediction": 2,
            "execution_time_ms": 48.74920845031738,
            "cpu_time_ms": 234.375,
            "memory_used_mb": 0.39453125,
            "peak_memory_mb": 398.8828125,
            "memory_profile": {
                "sample_count": 4,
                "sample_interval_ms": 10,
                "peak_heap_mb": 398.8828125,
                "peak_virtual_mb": 366.9453125,
                "peak_total_mb": 398.8828125,
                "duration_ms": 48.74920845031738
            }
        },
        {
            "run": 4,
            "prediction": 2,
            "execution_time_ms": 48.42090606689453,
            "cpu_time_ms": 156.25,
            "memory_used_mb": 0.1484375,
            "peak_memory_mb": 399.0546875,
            "memory_profile": {
                "sample_count": 4,
                "sample_interval_ms": 10,
                "peak_heap_mb": 399.0546875,
                "peak_virtual_mb": 366.9296875,
                "peak_total_mb": 399.0546875,
                "duration_ms": 48.61593246459961
            }
        },
        {
            "run": 5,
            "prediction": 2,
            "execution_time_ms": 48.639774322509766,
            "cpu_time_ms": 46.875,
            "memory_used_mb": 0.0078125,
            "peak_memory_mb": 399.1953125,
            "memory_profile": {
                "sample_count": 4,
                "sample_interval_ms": 10,
                "peak_heap_mb": 399.1953125,
                "peak_virtual_mb": 367.0859375,
                "peak_total_mb": 399.1953125,
                "duration_ms": 48.639774322509766
            }
        }
    ],
    "inference_summary": {
        "average_execution_time_ms": 49.35455322265625,
        "std_dev_execution_time_ms": 1.1496983555922797,
        "average_memory_used_mb": 0.15859375,
        "std_dev_memory_used_mb": 0.15609367179677722,
        "average_peak_memory_mb": 398.8625,
        "std_dev_peak_memory_mb": 0.2785022020783678,
        "most_common_prediction": 2
    }
}