{
    "timestamp": "2025-05-19T00:30:33.051",
    "system_info": {
        "available_processors": 12,
        "max_memory_mb": 16310.6484375,
        "total_memory_mb": 16310.6484375,
        "os_name": "Windows",
        "os_version": "10.0.19045",
        "os_arch": "AMD64",
        "python_version": "3.10.13"
    },
    "training": {
        "training_time_ms": 6805.715322494507,
        "training_time_seconds": 6.805715322494507,
        "peak_memory_mb": 1924.67578125,
        "accuracy": 0.9765999913215637,
        "memory_profile": {
            "sample_count": 66,
            "sample_interval_ms": 100,
            "peak_heap_mb": 1924.67578125,
            "peak_virtual_mb": 1904.91796875,
            "peak_total_mb": 1924.67578125
        },
        "evaluation": {
            "accuracy": 0.9765999913215637,
            "precision": 0.9765999913215637,
            "recall": 0.9765999913215637,
            "f1": 0.9765999913215637
        }
    },
    "inference_runs": [
        {
            "run": 1,
            "prediction": 2,
            "execution_time_ms": 48.70867729187012,
            "cpu_time_ms": 140.625,
            "memory_used_mb": 0.02734375,
            "peak_memory_mb": 431.87109375,
            "memory_profile": {
                "sample_count": 4,
                "sample_interval_ms": 10,
                "peak_heap_mb": 431.87109375,
                "peak_virtual_mb": 409.21484375,
                "peak_total_mb": 431.87109375,
                "duration_ms": 48.70867729187012
            }
        },
        {
            "run": 2,
            "prediction": 2,
            "execution_time_ms": 48.82216453552246,
            "cpu_time_ms": 171.875,
            "memory_used_mb": 0.4375,
            "peak_memory_mb": 432.11328125,
            "memory_profile": {
                "sample_count": 4,
                "sample_interval_ms": 10,
                "peak_heap_mb": 432.11328125,
                "peak_virtual_mb": 409.47265625,
                "peak_total_mb": 432.11328125,
                "duration_ms": 48.82216453552246
            }
        },
        {
            "run": 3,
            "prediction": 2,
            "execution_time_ms": 48.76112937927246,
            "cpu_time_ms": 140.625,
            "memory_used_mb": 0.015625,
            "peak_memory_mb": 432.328125,
            "memory_profile": {
                "sample_count": 4,
                "sample_interval_ms": 10,
                "peak_heap_mb": 432.328125,
                "peak_virtual_mb": 409.65234375,
                "peak_total_mb": 432.328125,
                "duration_ms": 48.76112937927246
            }
        },
        {
            "run": 4,
            "prediction": 2,
            "execution_time_ms": 48.71773719787598,
            "cpu_time_ms": 78.125,
            "memory_used_mb": 0.01171875,
            "peak_memory_mb": 432.328125,
            "memory_profile": {
                "sample_count": 4,
                "sample_interval_ms": 10,
                "peak_heap_mb": 432.328125,
                "peak_virtual_mb": 409.6484375,
                "peak_total_mb": 432.328125,
                "duration_ms": 48.71773719787598
            }
        },
        {
            "run": 5,
            "prediction": 2,
            "execution_time_ms": 49.59583282470703,
            "cpu_time_ms": 218.75,
            "memory_used_mb": 0.0078125,
            "peak_memory_mb": 432.3203125,
            "memory_profile": {
                "sample_count": 4,
                "sample_interval_ms": 10,
                "peak_heap_mb": 432.3203125,
                "peak_virtual_mb": 409.640625,
                "peak_total_mb": 432.3203125,
                "duration_ms": 49.59583282470703
            }
        }
    ],
    "inference_summary": {
        "average_execution_time_ms": 48.92110824584961,
        "std_dev_execution_time_ms": 0.3798430749143216,
        "average_memory_used_mb": 0.1,
        "std_dev_memory_used_mb": 0.1888097160813467,
        "average_peak_memory_mb": 432.1921875,
        "std_dev_peak_memory_mb": 0.20168131793477115,
        "most_common_prediction": 2
    }
}